{
  "Ahuachapán": ["Ahuachapán Centro"],
  "Apaneca": ["Ahuachapán Centro"],
  "Concepción de Ataco": ["Ahuachapán Centro"],
  "Tacuba": ["Ahuachapán Centro"],
  "Atiquizaya": ["Ahuachapán Norte"],
  "El Refugio": ["Ahuachapán Norte"],
  "San Lorenzo": ["Ahuachapán Norte"],
  "Turín": ["Ahuachapán Norte"],
  "Guaymango": ["Ahuachapán Sur"],
  "Jujutla": ["Ahuachapán Sur"],
  "San Francisco Menéndez": ["Ahuachapán Sur"],
  "San Pedro Puxtla": ["Ahuachapán Sur"],
  "Santa Ana": ["Santa Ana Centro"],
  "Coatepeque": ["Santa Ana Este"],
  "El Congo": ["Santa Ana Este"],
  "Masahuat": ["Santa Ana Norte"],
  "Metapán": ["Santa Ana Norte"],
  "Santa Rosa Guachipilín": ["Santa Ana Norte"],
  "Texistepeque": ["Santa Ana Norte"],
  "Candelaria de la Frontera": ["Santa Ana Oeste"],
  "Chalchuapa": ["Santa Ana Oeste"],
  "El Porvenir": ["Santa Ana Oeste"],
  "San Antonio Pajonal": ["Santa Ana Oeste"],
  "San Sebastián Salitrillo": ["Santa Ana Oeste"],
  "Santiago de la Frontera": ["Santa Ana Oeste"],
  "Nahulingo": ["Sonsonate Centro"],
  "San Antonio del Monte": ["Sonsonate Centro"],
  "Santo Domingo de Guzmán": ["Sonsonate Centro"],
  "Sonsonate": ["Sonsonate Centro"],
  "Sonzacate": ["Sonsonate Centro"],
  "Armenia": ["Sonsonate Este"],
  "Caluco": ["Sonsonate Este"],
  "Cuisnahuat": ["Sonsonate Este"],
  "Santa Isabel Ishuatán": ["Sonsonate Este"],
  "Izalco": ["Sonsonate Este"],
  "San Julián": ["Sonsonate Este"],
  "Juayúa": ["Sonsonate Norte"],
  "Nahuizalco": ["Sonsonate Norte"],
  "Salcoatitán": ["Sonsonate Norte"],
  "Santa Catarina Masahuat": ["Sonsonate Norte"],
  "Acajutla": ["Sonsonate Oeste"],
  "Agua Caliente": ["Chalatenango Centro"],
  "Dulce Nombre de María": ["Chalatenango Centro"],
  "El Paraíso": ["Chalatenango Centro"],
  "La Reina": ["Chalatenango Centro"],
  "Nueva Concepción": ["Chalatenango Centro"],
  "San Fernando": ["Chalatenango Centro"],
  "San Francisco Morazán": ["Chalatenango Centro"],
  "San Rafael": ["Chalatenango Centro"],
  "Santa Rita": ["Chalatenango Centro"],
  "Tejutla": ["Chalatenango Centro"],
  "Citalá": ["Chalatenango Norte"],
  "San Ignacio": ["Chalatenango Norte"],
  "La Palma": ["Chalatenango Norte"],
  "Arcatao": ["Chalatenango Sur"],
  "Azacualpa": ["Chalatenango Sur"],
  "Comalapa": ["Chalatenango Sur"],
  "Concepción Quezaltepeque": ["Chalatenango Sur"],
  "Chalatenango": ["Chalatenango Sur"],
  "El Carrizal": ["Chalatenango Sur"],
  "La Laguna": ["Chalatenango Sur"],
  "Las Vueltas": ["Chalatenango Sur"],
  "Nombre de Jesús": ["Chalatenango Sur"],
  "Nueva Trinidad": ["Chalatenango Sur"],
  "Ojos de Agua": ["Chalatenango Sur"],
  "Potonico": ["Chalatenango Sur"],
  "San Antonio de la Cruz": ["Chalatenango Sur"],
  "San Antonio Los Ranchos": ["Chalatenango Sur"],
  "San Isidro Labrador": ["Chalatenango Sur"],
  "San Francisco Lempa": ["Chalatenango Sur"],
  "San José Cancasque / Cancasque": ["Chalatenango Sur"],
  "San José Las Flores / Las Flores": ["Chalatenango Sur"],
  "San Luis del Carmen": ["Chalatenango Sur"],
  "San Miguel de Mercedes": ["Chalatenango Sur"],
  "Ciudad Arce": ["La Libertad Centro"],
  "San Juan Opico": ["La Libertad Centro"],
  "Chiltiupán": ["La Libertad Costa"],
  "Jicalapa": ["La Libertad Costa"],
  "La Libertad": ["La Libertad Costa"],
  "Tamanique": ["La Libertad Costa"],
  "Teotepeque": ["La Libertad Costa"],
  "Antiguo Cuscatlán": ["La Libertad Este"],
  "Huizúcar": ["La Libertad Este"],
  "Nuevo Cuscatlán": ["La Libertad Este"],
  "San José Villanueva": ["La Libertad Este"],
  "Zaragoza": ["La Libertad Este"],
  "Quezaltepeque": ["La Libertad Norte"],
  "San Matías": ["La Libertad Norte"],
  "San Pablo Tacachico": ["La Libertad Norte"],
  "Colón": ["La Libertad Oeste"],
  "Jayaque": ["La Libertad Oeste"],
  "Sacacoyo": ["La Libertad Oeste"],
  "Talnique": ["La Libertad Oeste"],
  "Tepecoyo": ["La Libertad Oeste"],
  "Comasagua": ["La Libertad Sur"],
  "Santa Tecla antes: Nueva San Salvador": ["La Libertad Sur"],
  "Ayutuxtepeque": ["San Salvador Centro"],
  "Cuscatancingo": ["San Salvador Centro"],
  "Mejicanos": ["San Salvador Centro"],
  "San Salvador": ["San Salvador Centro"],
  "Delgado": ["San Salvador Centro"],
  "Ilopango": ["San Salvador Este"],
  "San Martín": ["San Salvador Este"],
  "Soyapango": ["San Salvador Este"],
  "Tonacatepeque": ["San Salvador Este"],
  "Aguilares": ["San Salvador Norte"],
  "El Paisnal": ["San Salvador Norte"],
  "Guazapa": ["San Salvador Norte"],
  "Apopa": ["San Salvador Oeste"],
  "Nejapa": ["San Salvador Oeste"],
  "Panchimalco": ["San Salvador Sur"],
  "Rosario de Mora": ["San Salvador Sur"],
  "San Marcos": ["San Salvador Sur"],
  "Santiago Texacuangos": ["San Salvador Sur"],
  "Santo Tomás": ["San Salvador Sur"],
  "Oratorio de Concepción": ["Cuscatlán Norte"],
  "San Bartolomé Perulapía": ["Cuscatlán Norte"],
  "San José Guayabal": ["Cuscatlán Norte"],
  "San Pedro Perulapán": ["Cuscatlán Norte"],
  "Suchitoto": ["Cuscatlán Norte"],
  "Candelaria": ["Cuscatlán Sur"],
  "Cojutepeque": ["Cuscatlán Sur"],
  "El Carmen": ["Cuscatlán Sur"],
  "El Rosario": ["Cuscatlán Sur"],
  "Monte San Juan": ["Cuscatlán Sur"],
  "San Cristóbal": ["Cuscatlán Sur"],
  "San Rafael Cedros": ["Cuscatlán Sur"],
  "San Ramón": ["Cuscatlán Sur"],
  "Santa Cruz Analquito": ["Cuscatlán Sur"],
  "Santa Cruz Michapa": ["Cuscatlán Sur"],
  "Tenancingo": ["Cuscatlán Sur"],
  "El Rosario / Rosario de La Paz": ["La Paz Centro"],
  "Jerusalén": ["La Paz Centro"],
  "Mercedes La Ceiba": ["La Paz Centro"],
  "Paraíso de Osorio": ["La Paz Centro"],
  "San Antonio Masahuat": ["La Paz Centro"],
  "San Emigdio": ["La Paz Centro"],
  "San Juan Tepezontes": ["La Paz Centro"],
  "San Miguel Tepezontes": ["La Paz Centro"],
  "San Pedro Nonualco": ["La Paz Centro"],
  "Santa María Ostuma": ["La Paz Centro"],
  "Santiago Nonualco": ["La Paz Centro"],
  "San Luis La Herradura": ["La Paz Centro"],
  "San Juan Nonualco": ["La Paz Este"],
  "San Rafael Obrajuelo": ["La Paz Este"],
  "Zacatecoluca": ["La Paz Este"],
  "Cuyultitán": ["La Paz Oeste"],
  "Olocuilta": ["La Paz Oeste"],
  "San Francisco Chinameca": ["La Paz Oeste"],
  "San Juan Talpa": ["La Paz Oeste"],
  "San Luis Talpa": ["La Paz Oeste"],
  "San Pedro Masahuat": ["La Paz Oeste"],
  "Tapalhuaca": ["La Paz Oeste"],
  "Dolores / Villa Dolores": ["Cabañas Este"],
  "Guacotecti": ["Cabañas Este"],
  "San Isidro": ["Cabañas Este"],
  "Sensuntepeque": ["Cabañas Este"],
  "Victoria": ["Cabañas Este"],
  "Cinquera": ["Cabañas Oeste"],
  "Ilobasco": ["Cabañas Oeste"],
  "Jutiapa": ["Cabañas Oeste"],
  "Tejutepeque": ["Cabañas Oeste"],
  "Apastepeque": ["San Vicente Norte"],
  "San Esteban Catarina": ["San Vicente Norte"],
  "San Ildefonso": ["San Vicente Norte"],
  "San Lorenzo": ["San Vicente Norte"],
  "San Sebastián": ["San Vicente Norte"],
  "Santa Clara": ["San Vicente Norte"],
  "Santo Domingo": ["San Vicente Norte"],
  "Guadalupe": ["San Vicente Sur"],
  "San Cayetano Istepeque": ["San Vicente Sur"],
  "San Vicente": ["San Vicente Sur"],
  "Tecoluca": ["San Vicente Sur"],
  "Tepetitán": ["San Vicente Sur"],
  "Verapaz": ["San Vicente Sur"],
  "California": ["Usulután Este"],
  "Concepción Batres": ["Usulután Este"],
  "Ereguayquín": ["Usulután Este"],
  "Jucuarán": ["Usulután Este"],
  "Ozatlán": ["Usulután Este"],
  "Usulután": ["Usulután Este"],
  "San Dionisio": ["Usulután Este"],
  "Santa Elena": ["Usulután Este"],
  "Santa María": ["Usulután Este"],
  "Tecapán": ["Usulután Este"],
  "Alegría": ["Usulután Norte"],
  "Berlín": ["Usulután Norte"],
  "El Triunfo": ["Usulután Norte"],
  "Estanzuelas": ["Usulután Norte"],
  "Jucuapa": ["Usulután Norte"],
  "Mercedes Umaña": ["Usulután Norte"],
  "Nueva Granada": ["Usulután Norte"],
  "San Buenaventura": ["Usulután Norte"],
  "Santiago de María": ["Usulután Norte"],
  "Jiquilisco": ["Usulután Oeste"],
  "Puerto El Triunfo": ["Usulután Oeste"],
  "San Agustín": ["Usulután Oeste"],
  "San Francisco Javier": ["Usulután Oeste"],
  "Comacarán": ["San Miguel Centro"],
  "Moncagua": ["San Miguel Centro"],
  "Chirilagua": ["San Miguel Centro"],
  "Quelepa": ["San Miguel Centro"],
  "San Miguel": ["San Miguel Centro"],
  "Uluazapa": ["San Miguel Centro"],
  "Carolina": ["San Miguel Norte"],
  "Ciudad Barrios": ["San Miguel Norte"],
  "Chapeltique": ["San Miguel Norte"],
  "Nuevo Edén de San Juan": ["San Miguel Norte"],
  "San Antonio del Mosco": ["San Miguel Norte"],
  "San Gerardo": ["San Miguel Norte"],
  "San Luis de La Reina": ["San Miguel Norte"],
  "Sesori": ["San Miguel Norte"],
  "Chinameca": ["San Miguel Oeste"],
  "El Tránsito": ["San Miguel Oeste"],
  "Lolotique": ["San Miguel Oeste"],
  "Nueva Guadalupe": ["San Miguel Oeste"],
  "San Jorge": ["San Miguel Oeste"],
  "San Rafael Oriente": ["San Miguel Oeste"],
  "Arambala": ["Morazán Norte"],
  "Cacaopera": ["Morazán Norte"],
  "Corinto": ["Morazán Norte"],
  "El Rosario": ["Morazán Norte"],
  "Joateca": ["Morazán Norte"],
  "Jocoaitique": ["Morazán Norte"],
  "Meanguera": ["Morazán Norte"],
  "Perquín": ["Morazán Norte"],
  "San Fernando": ["Morazán Norte"],
  "San Isidro": ["Morazán Norte"],
  "Torola": ["Morazán Norte"],
  "Chilanga": ["Morazán Sur"],
  "Delicias de Concepción": ["Morazán Sur"],
  "El Divisadero": ["Morazán Sur"],
  "Gualococti": ["Morazán Sur"],
  "Guatajiagua": ["Morazán Sur"],
  "Jocoro": ["Morazán Sur"],
  "Lolotiquillo": ["Morazán Sur"],
  "Osicala": ["Morazán Sur"],
  "San Carlos": ["Morazán Sur"],
  "San Francisco Gotera": ["Morazán Sur"],
  "San Simón": ["Morazán Sur"],
  "Sensembra": ["Morazán Sur"],
  "Sociedad": ["Morazán Sur"],
  "Yamabal": ["Morazán Sur"],
  "Yoloaiquín": ["Morazán Sur"],
  "Anamorós": ["La Unión Norte"],
  "Bolívar": ["La Unión Norte"],
  "Concepción de Oriente": ["La Unión Norte"],
  "El Sauce": ["La Unión Norte"],
  "Lislique": ["La Unión Norte"],
  "Nueva Esparta": ["La Unión Norte"],
  "Pasaquina": ["La Unión Norte"],
  "Polorós": ["La Unión Norte"],
  "San José La Fuente": ["La Unión Norte"],
  "Santa Rosa de Lima": ["La Unión Norte"],
  "Conchagua": ["La Unión Sur"],
  "El Carmen": ["La Unión Sur"],
  "Intipucá": ["La Unión Sur"],
  "La Unión": ["La Unión Sur"],
  "Meanguera del Golfo": ["La Unión Sur"],
  "San Alejo": ["La Unión Sur"],
  "Yayantique": ["La Unión Sur"],
  "Yucuaiquín": ["La Unión Sur"]
}
